1753030603,hook.duration_ms,0,type:post,tool:Bash
1753030603,hook.post_tool_use.count,1,tool:Bash,exit_code:0
1753030624,hook.duration_ms,0,type:pre,tool:Bash
1753030624,hook.pre_tool_use.count,1,tool:Bash
1753030707,hook.duration_ms,0,type:post,tool:Bash
1753030707,hook.post_tool_use.count,1,tool:Bash,exit_code:0
1753030712,hook.duration_ms,0,type:pre,tool:Bash
1753030712,hook.pre_tool_use.count,1,tool:Bash
1753030799,hook.duration_ms,0,type:post,tool:Bash
1753030799,hook.post_tool_use.count,1,tool:Bash,exit_code:0
1753030811,hook.duration_ms,0,type:pre,tool:Bash
1753030811,hook.pre_tool_use.count,1,tool:Bash
1753030815,hook.duration_ms,0,type:post,tool:Bash
1753030815,hook.post_tool_use.count,1,tool:Bash,exit_code:0
1753030820,hook.duration_ms,0,type:pre,tool:Bash
1753030820,hook.pre_tool_use.count,1,tool:Bash
1753030820,hook.duration_ms,0,type:post,tool:Bash
1753030820,hook.post_tool_use.count,1,tool:Bash,exit_code:0
1753030886,hook.duration_ms,0,type:pre,tool:Bash
1753030886,hook.pre_tool_use.count,1,tool:Bash
1753030887,hook.duration_ms,0,type:post,tool:Bash
1753030887,hook.post_tool_use.count,1,tool:Bash,exit_code:0
1753030893,hook.duration_ms,0,type:pre,tool:Bash
1753030893,hook.pre_tool_use.count,1,tool:Bash
1753030894,hook.duration_ms,0,type:post,tool:Bash
1753030894,hook.post_tool_use.count,1,tool:Bash,exit_code:0
1753030900,hook.duration_ms,1000,type:pre,tool:Bash
1753030900,hook.pre_tool_use.count,1,tool:Bash
1753030901,hook.duration_ms,0,type:post,tool:Bash
1753030901,hook.post_tool_use.count,1,tool:Bash,exit_code:0
1753030926,hook.duration_ms,0,type:pre,tool:Bash
1753030926,hook.pre_tool_use.count,1,tool:Bash
1753030927,hook.duration_ms,0,type:post,tool:Bash
1753030927,hook.post_tool_use.count,1,tool:Bash,exit_code:0
1753030933,hook.duration_ms,0,type:pre,tool:Bash
1753030933,hook.pre_tool_use.count,1,tool:Bash
1753030936,hook.duration_ms,0,type:post,tool:Bash
1753030936,hook.post_tool_use.count,1,tool:Bash,exit_code:0
1753030949,hook.duration_ms,0,type:pre,tool:Bash
1753030949,hook.pre_tool_use.count,1,tool:Bash
1753030950,hook.duration_ms,0,type:post,tool:Bash
1753030950,hook.post_tool_use.count,1,tool:Bash,exit_code:0
1753030957,hook.duration_ms,0,type:pre,tool:Bash
1753030957,hook.pre_tool_use.count,1,tool:Bash
1753030957,hook.duration_ms,0,type:post,tool:Bash
1753030957,hook.post_tool_use.count,1,tool:Bash,exit_code:0
1753030974,hook.duration_ms,0,type:pre,tool:Bash
1753030974,hook.pre_tool_use.count,1,tool:Bash
1753030974,hook.duration_ms,0,type:post,tool:Bash
1753030974,hook.post_tool_use.count,1,tool:Bash,exit_code:0
1753030980,hook.duration_ms,0,type:pre,tool:Bash
1753030980,hook.pre_tool_use.count,1,tool:Bash
1753031004,hook.duration_ms,0,type:post,tool:Bash
1753031004,hook.post_tool_use.count,1,tool:Bash,exit_code:0
1753031400,hook.duration_ms,0,type:user-prompt-submit,tool:
1753032229,hook.duration_ms,0,type:user-prompt-submit,tool:
1753032400,hook.duration_ms,0,type:user-prompt-submit,tool:
1753032921,hook_secs,0,type:pre,tool:Bash
1753032921,hook_pre_tool_use_total,1,tool:Bash
1753032921,hook_secs,0,type:post,tool:Bash
1753032921,hook_post_tool_use_total,1,tool:Bash,exit_code:0
1753033127,hook_secs,0,type:pre,tool:Bash
1753033127,hook_pre_tool_use_total,1,tool:Bash
1753033127,hook_secs,0,type:post,tool:Bash
1753033127,hook_post_tool_use_total,1,tool:Bash,exit_code:0
1753033195,hook_secs,0,type:pre,tool:Bash
1753033195,hook_pre_tool_use_total,1,tool:Bash
1753033195,hook_secs,0,type:post,tool:Bash
1753033195,hook_post_tool_use_total,1,tool:Bash,exit_code:0
1753033302,hook_secs,0,type:pre,tool:Bash
1753033302,hook_pre_tool_use_total,1,tool:Bash
1753033302,hook_secs,0,type:post,tool:Bash
1753033302,hook_post_tool_use_total,1,tool:Bash,exit_code:0
1753033511,hook_secs,0,type:user-prompt-submit,tool:
1753033585,hook_secs,0,type:user-prompt-submit,tool:
1753033592,hook_secs,0,type:pre,tool:Bash
1753033592,hook_pre_tool_use_total,1,tool:Bash
1753033594,hook_secs,0,type:post,tool:Bash
1753033594,hook_post_tool_use_total,1,tool:Bash,exit_code:0
1753033599,hook_secs,0,type:pre,tool:Bash
1753033599,hook_pre_tool_use_total,1,tool:Bash
1753033599,hook_secs,0,type:post,tool:Bash
1753033599,hook_post_tool_use_total,1,tool:Bash,exit_code:0
1753033603,hook_secs,0,type:pre,tool:Bash
1753033603,hook_pre_tool_use_total,1,tool:Bash
1753033604,hook_secs,0,type:post,tool:Bash
1753033604,hook_post_tool_use_total,1,tool:Bash,exit_code:0
1753033608,hook_secs,0,type:pre,tool:Bash
1753033608,hook_pre_tool_use_total,1,tool:Bash
1753033620,hook_secs,0,type:post,tool:Bash
1753033620,hook_post_tool_use_total,1,tool:Bash,exit_code:0
1753033623,hook_secs,0,type:pre,tool:Bash
1753033623,hook_pre_tool_use_total,1,tool:Bash
1753033642,hook_secs,0,type:post,tool:Bash
1753033642,hook_post_tool_use_total,1,tool:Bash,exit_code:0
1753033645,hook_secs,0,type:pre,tool:Bash
1753033645,hook_pre_tool_use_total,1,tool:Bash
1753033645,hook_secs,0,type:post,tool:Bash
1753033645,hook_post_tool_use_total,1,tool:Bash,exit_code:0
1753033762,hook_secs,0,type:user-prompt-submit,tool:
1753033775,hook_secs,0,type:pre,tool:Bash
1753033775,hook_pre_tool_use_total,1,tool:Bash
1753033775,hook_secs,0,type:post,tool:Bash
1753033775,hook_post_tool_use_total,1,tool:Bash,exit_code:0
1753033779,hook_secs,0,type:pre,tool:Bash
1753033779,hook_pre_tool_use_total,1,tool:Bash
1753033782,gemini_review_secs,2500,phase:test,type:verification
1753033782,hook_secs,0,type:post,tool:Bash
1753033782,hook_post_tool_use_total,1,tool:Bash,exit_code:0
1753033786,hook_secs,0,type:pre,tool:Bash
1753033786,hook_pre_tool_use_total,1,tool:Bash
1753033792,hook_secs,0,type:post,tool:Bash
1753033792,hook_post_tool_use_total,1,tool:Bash,exit_code:0
1753033795,hook_secs,0,type:pre,tool:Bash
1753033795,hook_pre_tool_use_total,1,tool:Bash
1753033796,hook_secs,0,type:post,tool:Bash
1753033796,hook_post_tool_use_total,1,tool:Bash,exit_code:0
1753033804,hook_secs,0,type:pre,tool:Bash
1753033804,hook_pre_tool_use_total,1,tool:Bash
1753033804,hook_secs,0,type:post,tool:Bash
1753033804,hook_post_tool_use_total,1,tool:Bash,exit_code:0
1753033819,hook_secs,0,type:pre,tool:Bash
1753033819,hook_pre_tool_use_total,1,tool:Bash
1753033824,hook_secs,0,type:post,tool:Bash
1753033824,hook_post_tool_use_total,1,tool:Bash,exit_code:0
1753033852,hook_secs,0,type:pre,tool:Bash
1753033852,hook_pre_tool_use_total,1,tool:Bash
1753033852,hook_secs,0,type:post,tool:Bash
1753033852,hook_post_tool_use_total,1,tool:Bash,exit_code:0
1753033856,hook_secs,0,type:pre,tool:Bash
1753033856,hook_pre_tool_use_total,1,tool:Bash
1753033856,hook_secs,0,type:post,tool:Bash
1753033856,hook_post_tool_use_total,1,tool:Bash,exit_code:0
1753033869,hook_secs,0,type:pre,tool:Bash
1753033869,hook_pre_tool_use_total,1,tool:Bash
1753034054,hook_secs,0,type:post,tool:Bash
1753034054,hook_post_tool_use_total,1,tool:Bash,exit_code:0
1753034060,hook_secs,0,type:pre,tool:Bash
1753034060,hook_pre_tool_use_total,1,tool:Bash
1753034121,hook_secs,0,type:post,tool:Bash
1753034121,hook_post_tool_use_total,1,tool:Bash,exit_code:0
1753034134,hook_secs,0,type:pre,tool:Bash
1753034134,hook_pre_tool_use_total,1,tool:Bash
1753034134,hook_secs,0,type:post,tool:Bash
1753034134,hook_post_tool_use_total,1,tool:Bash,exit_code:0
1753034139,hook_secs,0,type:pre,tool:Bash
1753034139,hook_pre_tool_use_total,1,tool:Bash
1753034140,hook_secs,0,type:post,tool:Bash
1753034140,hook_post_tool_use_total,1,tool:Bash,exit_code:0
1753034144,hook_secs,0,type:pre,tool:Bash
1753034144,hook_pre_tool_use_total,1,tool:Bash
1753034145,hook_secs,0,type:post,tool:Bash
1753034145,hook_post_tool_use_total,1,tool:Bash,exit_code:0
1753034155,hook_secs,0,type:pre,tool:Bash
1753034155,hook_pre_tool_use_total,1,tool:Bash
1753034176,hook_secs,0,type:pre,tool:Bash
1753034176,hook_pre_tool_use_total,1,tool:Bash
1753034176,hook_secs,0,type:post,tool:Bash
1753034176,hook_post_tool_use_total,1,tool:Bash,exit_code:0
1753034181,hook_secs,0,type:pre,tool:Bash
1753034181,hook_pre_tool_use_total,1,tool:Bash
1753034181,hook_secs,0,type:post,tool:Bash
1753034181,hook_post_tool_use_total,1,tool:Bash,exit_code:0
1753034185,hook_secs,0,type:pre,tool:Bash
1753034185,hook_pre_tool_use_total,1,tool:Bash
1753034185,hook_secs,0,type:post,tool:Bash
1753034185,hook_post_tool_use_total,1,tool:Bash,exit_code:0
1753034190,hook_secs,1000,type:pre,tool:Bash
1753034190,hook_pre_tool_use_total,1,tool:Bash
1753034190,hook_secs,0,type:post,tool:Bash
1753034190,hook_post_tool_use_total,1,tool:Bash,exit_code:0
1753034201,hook_secs,0,type:pre,tool:Bash
1753034201,hook_pre_tool_use_total,1,tool:Bash
1753034201,hook_secs,0,type:post,tool:Bash
1753034201,hook_post_tool_use_total,1,tool:Bash,exit_code:0
1753034205,hook_secs,0,type:pre,tool:Bash
1753034205,hook_pre_tool_use_total,1,tool:Bash
1753034205,hook_secs,0,type:post,tool:Bash
1753034205,hook_post_tool_use_total,1,tool:Bash,exit_code:0
1753034210,hook_secs,0,type:pre,tool:Bash
1753034210,hook_pre_tool_use_total,1,tool:Bash
1753034226,hook_secs,0,type:pre,tool:Bash
1753034226,hook_pre_tool_use_total,1,tool:Bash
1753034226,hook_secs,0,type:post,tool:Bash
1753034226,hook_post_tool_use_total,1,tool:Bash,exit_code:0
1753034238,hook_secs,0,type:pre,tool:Bash
1753034238,hook_pre_tool_use_total,1,tool:Bash
1753034386,hook_secs,0,type:post,tool:Bash
1753034386,hook_post_tool_use_total,1,tool:Bash,exit_code:0
1753034392,hook_secs,0,type:pre,tool:Bash
1753034392,hook_pre_tool_use_total,1,tool:Bash
1753034420,hook_secs,0,type:post,tool:Bash
1753034420,hook_post_tool_use_total,1,tool:Bash,exit_code:0
1753034424,hook_secs,0,type:pre,tool:Bash
1753034424,hook_pre_tool_use_total,1,tool:Bash
1753034424,phase_completion_trigger_total,1,phase:test-phase
1753034424,hook_secs,0,type:post,tool:Bash
1753034424,hook_post_tool_use_total,1,tool:Bash,exit_code:0
1753034439,hook_secs,0,type:pre,tool:Bash
1753034439,hook_pre_tool_use_total,1,tool:Bash
1753034452,hook_secs,0,type:pre,tool:Bash
1753034452,hook_pre_tool_use_total,1,tool:Bash
1753034453,hook_secs,0,type:post,tool:Bash
1753034453,hook_post_tool_use_total,1,tool:Bash,exit_code:0
1753034458,hook_secs,0,type:pre,tool:Bash
1753034458,hook_pre_tool_use_total,1,tool:Bash
1753034458,hook_secs,0,type:post,tool:Bash
1753034458,hook_post_tool_use_total,1,tool:Bash,exit_code:0
1753034558,hook_secs,0,type:user-prompt-submit,tool:
1753034618,hook_secs,0,type:pre,tool:Bash
1753034618,hook_pre_tool_use_total,1,tool:Bash
1753034673,hook_secs,0,type:post,tool:Bash
1753034673,hook_post_tool_use_total,1,tool:Bash,exit_code:0
1753034707,hook_secs,0,type:pre,tool:Bash
1753034707,hook_pre_tool_use_total,1,tool:Bash
1753034707,hook_secs,0,type:post,tool:Bash
1753034707,hook_post_tool_use_total,1,tool:Bash,exit_code:0
1753034712,hook_secs,0,type:pre,tool:Bash
1753034712,hook_pre_tool_use_total,1,tool:Bash
1753034726,hook_secs,0,type:pre,tool:Bash
1753034726,hook_pre_tool_use_total,1,tool:Bash
1753034756,hook_secs,0,type:post,tool:Bash
1753034756,hook_post_tool_use_total,1,tool:Bash,exit_code:0
1753034764,hook_secs,0,type:pre,tool:Bash
1753034764,hook_pre_tool_use_total,1,tool:Bash
1753034776,hook_secs,0,type:post,tool:Bash
1753034776,hook_post_tool_use_total,1,tool:Bash,exit_code:0
1753034918,hook_secs,1000,type:user-prompt-submit,tool:
1753035228,hook_secs,0,type:user-prompt-submit,tool:
1753035362,hook_secs,0,type:pre,tool:Bash
1753035362,hook_pre_tool_use_total,1,tool:Bash
1753035362,hook_secs,0,type:post,tool:Bash
1753035362,hook_post_tool_use_total,1,tool:Bash,exit_code:0
1753035583,hook_secs,0,type:user-prompt-submit,tool:
1753035616,hook_secs,0,type:pre,tool:Bash
1753035616,hook_pre_tool_use_total,1,tool:Bash
1753035643,hook_secs,0,type:post,tool:Bash
1753035643,hook_post_tool_use_total,1,tool:Bash,exit_code:0
1753035659,hook_secs,0,type:pre,tool:Bash
1753035659,hook_pre_tool_use_total,1,tool:Bash
1753035659,hook_secs,0,type:post,tool:Bash
1753035659,hook_post_tool_use_total,1,tool:Bash,exit_code:0
1753035712,hook_secs,0,type:pre,tool:Bash
1753035712,hook_pre_tool_use_total,1,tool:Bash
1753035713,hook_secs,1000,type:post,tool:Bash
1753035713,hook_post_tool_use_total,1,tool:Bash,exit_code:0
1753035742,hook_secs,0,type:pre,tool:Bash
1753035742,hook_pre_tool_use_total,1,tool:Bash
1753035796,hook_secs,0,type:post,tool:Bash
1753035796,hook_post_tool_use_total,1,tool:Bash,exit_code:0
1753035839,hook_secs,0,type:pre,tool:Bash
1753035839,hook_pre_tool_use_total,1,tool:Bash
1753035841,hook_secs,0,type:post,tool:Bash
1753035841,hook_post_tool_use_total,1,tool:Bash,exit_code:0
1753035881,hook_secs,0,type:pre,tool:Bash
1753035881,hook_pre_tool_use_total,1,tool:Bash
1753035884,hook_secs,0,type:post,tool:Bash
1753035884,hook_post_tool_use_total,1,tool:Bash,exit_code:0
1753035911,hook_secs,0,type:pre,tool:Bash
1753035911,hook_pre_tool_use_total,1,tool:Bash
1753035919,hook_secs,0,type:post,tool:Bash
1753035919,hook_post_tool_use_total,1,tool:Bash,exit_code:0
1753035939,hook_secs,0,type:pre,tool:Bash
1753035939,hook_pre_tool_use_total,1,tool:Bash
1753035946,hook_secs,0,type:post,tool:Bash
1753035946,hook_post_tool_use_total,1,tool:Bash,exit_code:0
1753035952,hook_secs,0,type:pre,tool:Bash
1753035952,hook_pre_tool_use_total,1,tool:Bash
1753035984,hook_secs,0,type:pre,tool:Bash
1753035984,hook_pre_tool_use_total,1,tool:Bash
1753035984,hook_secs,0,type:post,tool:Bash
1753035984,hook_post_tool_use_total,1,tool:Bash,exit_code:0
1753035999,hook_secs,0,type:pre,tool:Bash
1753035999,hook_pre_tool_use_total,1,tool:Bash
1753036002,hook_secs,0,type:pre,tool:Bash
1753036002,hook_pre_tool_use_total,1,tool:Bash
1753036003,hook_secs,0,type:post,tool:Bash
1753036003,hook_post_tool_use_total,1,tool:Bash,exit_code:0
1753036246,hook_secs,0,type:user-prompt-submit,tool:
1753036500,hook_secs,1000,type:pre,tool:Bash
1753036500,hook_pre_tool_use_total,1,tool:Bash
1753036500,hook_secs,0,type:post,tool:Bash
1753036500,hook_post_tool_use_total,1,tool:Bash,exit_code:0
1753036532,hook_secs,0,type:pre,tool:Bash
1753036532,hook_pre_tool_use_total,1,tool:Bash
1753036532,hook_secs,0,type:post,tool:Bash
1753036532,hook_post_tool_use_total,1,tool:Bash,exit_code:0
1753036577,hook_secs,0,type:user-prompt-submit,tool:
1753036583,hook_secs,0,type:pre,tool:Bash
1753036583,hook_pre_tool_use_total,1,tool:Bash
1753036607,hook_secs,0,type:post,tool:Bash
1753036607,hook_post_tool_use_total,1,tool:Bash,exit_code:0
1753036612,hook_secs,0,type:pre,tool:Bash
1753036612,hook_pre_tool_use_total,1,tool:Bash
1753036612,hook_secs,0,type:post,tool:Bash
1753036612,hook_post_tool_use_total,1,tool:Bash,exit_code:0
1753036618,hook_secs,0,type:pre,tool:Bash
1753036618,hook_pre_tool_use_total,1,tool:Bash
1753036624,hook_secs,0,type:post,tool:Bash
1753036624,hook_post_tool_use_total,1,tool:Bash,exit_code:0
1753036631,hook_secs,0,type:pre,tool:Bash
1753036631,hook_pre_tool_use_total,1,tool:Bash
1753036634,hook_secs,0,type:post,tool:Bash
1753036634,hook_post_tool_use_total,1,tool:Bash,exit_code:0
1753036640,hook_secs,0,type:pre,tool:Bash
1753036640,hook_pre_tool_use_total,1,tool:Bash
1753036641,hook_secs,0,type:post,tool:Bash
1753036641,hook_post_tool_use_total,1,tool:Bash,exit_code:0
1753036653,hook_secs,0,type:pre,tool:Bash
1753036653,hook_pre_tool_use_total,1,tool:Bash
1753036656,hook_secs,0,type:post,tool:Bash
1753036656,hook_post_tool_use_total,1,tool:Bash,exit_code:0
1753036666,hook_secs,0,type:pre,tool:Bash
1753036666,hook_pre_tool_use_total,1,tool:Bash
1753036676,hook_secs,0,type:post,tool:Bash
1753036676,hook_post_tool_use_total,1,tool:Bash,exit_code:0
1753036682,hook_secs,0,type:pre,tool:Bash
1753036682,hook_pre_tool_use_total,1,tool:Bash
1753036682,hook_secs,0,type:post,tool:Bash
1753036682,hook_post_tool_use_total,1,tool:Bash,exit_code:0
1753036690,hook_secs,0,type:pre,tool:Bash
1753036690,hook_pre_tool_use_total,1,tool:Bash
1753036699,hook_secs,0,type:post,tool:Bash
1753036699,hook_post_tool_use_total,1,tool:Bash,exit_code:0
1753036745,hook_secs,0,type:user-prompt-submit,tool:
1753036751,hook_secs,0,type:pre,tool:Bash
1753036751,hook_pre_tool_use_total,1,tool:Bash
1753036935,hook_secs,0,type:pre,tool:Bash
1753036935,hook_pre_tool_use_total,1,tool:Bash
1753036936,hook_secs,0,type:post,tool:Bash
1753036936,hook_post_tool_use_total,1,tool:Bash,exit_code:0
1753036946,hook_secs,0,type:pre,tool:Bash
1753036946,hook_pre_tool_use_total,1,tool:Bash
1753036949,hook_secs,0,type:post,tool:Bash
1753036949,hook_post_tool_use_total,1,tool:Bash,exit_code:0
1753036956,hook_secs,0,type:pre,tool:Bash
1753036956,hook_pre_tool_use_total,1,tool:Bash
1753037083,hook_secs,0,type:pre,tool:Bash
1753037083,hook_pre_tool_use_total,1,tool:Bash
1753037083,hook_secs,0,type:post,tool:Bash
1753037083,hook_post_tool_use_total,1,tool:Bash,exit_code:0
1753037328,hook_secs,0,type:user-prompt-submit,tool:
1753037368,hook_secs,0,type:pre,tool:Bash
1753037368,hook_pre_tool_use_total,1,tool:Bash
1753037368,hook_secs,0,type:post,tool:Bash
1753037368,hook_post_tool_use_total,1,tool:Bash,exit_code:0
1753037379,hook_secs,0,type:pre,tool:Bash
1753037379,hook_pre_tool_use_total,1,tool:Bash
1753037380,hook_secs,0,type:post,tool:Bash
1753037380,hook_post_tool_use_total,1,tool:Bash,exit_code:0
1753037394,hook_secs,0,type:pre,tool:Bash
1753037394,hook_pre_tool_use_total,1,tool:Bash
